idProcessus,dateDebut,dateFin,idProcesseur
2,0,2,CPU1
1,0,2,CPU2
2,2,3,CPU3
1,2,4,CPU4
3,3,5,CPU5
1,4,6,CPU6
4,4,6,CPU7
3,5,7,CPU8
5,5,7,CPU9
4,6,8,CPU1
6,6,8,CPU2
3,7,9,CPU3
5,7,9,CPU4
7,7,9,CPU5
4,8,10,CPU6
6,8,10,CPU7
8,8,10,CPU8
3,9,11,CPU9
5,9,11,CPU1
7,9,11,CPU2
9,9,11,CPU3
4,10,12,CPU4
6,10,12,CPU5
8,10,12,CPU6
3,11,13,CPU7
5,11,13,CPU8
7,11,13,CPU9
9,11,13,CPU1
4,12,14,CPU2
6,12,14,CPU3
8,12,14,CPU4
3,13,15,CPU5
5,13,15,CPU6
7,13,15,CPU7
9,13,15,CPU8
4,14,16,CPU9
6,14,16,CPU1
8,14,16,CPU2
3,15,17,CPU3
5,15,17,CPU4
7,15,17,CPU5
9,15,17,CPU6
4,16,18,CPU7
6,16,18,CPU8
8,16,18,CPU9
3,17,19,CPU1
5,17,19,CPU2
7,17,19,CPU3
9,17,19,CPU4
4,18,20,CPU5
6,18,20,CPU6
8,18,20,CPU7
3,19,21,CPU8
5,19,21,CPU9
7,19,21,CPU1
9,19,21,CPU2
4,20,22,CPU3
6,20,22,CPU4
8,20,22,CPU5
3,21,23,CPU6
5,21,23,CPU7
7,21,23,CPU8
9,21,23,CPU9
4,22,24,CPU1
6,22,24,CPU2
8,22,24,CPU3
3,23,25,CPU4
5,23,25,CPU5
7,23,25,CPU6
9,23,25,CPU7
4,24,26,CPU8
6,24,26,CPU9
8,24,26,CPU1
3,25,27,CPU2
5,25,27,CPU3
7,25,27,CPU4
9,25,27,CPU5
4,26,28,CPU6
6,26,28,CPU7
8,26,28,CPU8
3,27,29,CPU9
5,27,29,CPU1
7,27,29,CPU2
9,27,29,CPU3
4,28,30,CPU4
6,28,30,CPU5
8,28,30,CPU6
3,29,31,CPU7
5,29,31,CPU8
7,29,31,CPU9
9,29,31,CPU1
4,30,32,CPU2
6,30,32,CPU3
8,30,32,CPU4
3,31,33,CPU5
5,31,33,CPU6
7,31,33,CPU7
9,31,33,CPU8
4,32,34,CPU9
6,32,34,CPU1
8,32,34,CPU2
10,33,35,CPU3
5,33,35,CPU4
7,33,35,CPU5
9,33,35,CPU6
4,34,35,CPU7
6,34,36,CPU8
8,34,36,CPU9
11,35,37,CPU1
10,35,37,CPU2
5,35,37,CPU3
7,35,37,CPU4
9,35,37,CPU5
6,36,38,CPU6
8,36,38,CPU7
12,37,39,CPU8
11,37,39,CPU9
10,37,39,CPU1
7,37,39,CPU2
9,37,39,CPU3
6,38,39,CPU4
8,38,40,CPU5
13,39,41,CPU6
12,39,41,CPU7
11,39,41,CPU8
10,39,41,CPU9
7,39,41,CPU1
9,39,41,CPU2
8,40,42,CPU3
14,41,43,CPU4
13,41,43,CPU5
12,41,43,CPU6
11,41,43,CPU7
10,41,43,CPU8
9,41,43,CPU9
8,42,43,CPU1
15,43,45,CPU2
14,43,45,CPU3
13,43,45,CPU4
12,43,45,CPU5
11,43,45,CPU6
10,43,45,CPU7
9,43,45,CPU8
16,45,47,CPU9
15,45,47,CPU1
14,45,47,CPU2
13,45,47,CPU3
12,45,47,CPU4
11,45,47,CPU5
10,45,47,CPU6
16,47,49,CPU7
15,47,49,CPU8
14,47,49,CPU9
13,47,49,CPU1
12,47,49,CPU2
11,47,49,CPU3
10,47,49,CPU4
16,49,51,CPU5
15,49,51,CPU6
14,49,51,CPU7
13,49,51,CPU8
12,49,51,CPU9
11,49,51,CPU1
10,49,51,CPU2
16,51,53,CPU3
15,51,53,CPU4
14,51,53,CPU5
13,51,53,CPU6
12,51,53,CPU7
11,51,53,CPU8
10,51,53,CPU9
16,53,55,CPU1
15,53,55,CPU2
14,53,55,CPU3
13,53,55,CPU4
12,53,55,CPU5
11,53,55,CPU6
10,53,55,CPU7
16,55,57,CPU8
15,55,57,CPU9
14,55,57,CPU1
13,55,57,CPU2
12,55,57,CPU3
11,55,57,CPU4
10,55,57,CPU5
16,57,59,CPU6
15,57,59,CPU7
14,57,59,CPU8
13,57,59,CPU9
12,57,59,CPU1
11,57,59,CPU2
10,57,59,CPU3
16,59,61,CPU4
15,59,61,CPU5
14,59,61,CPU6
13,59,61,CPU7
12,59,61,CPU8
11,59,61,CPU9
10,59,61,CPU1
16,61,63,CPU2
15,61,63,CPU3
14,61,63,CPU4
13,61,63,CPU5
12,61,63,CPU6
11,61,63,CPU7
10,61,63,CPU8
16,63,65,CPU9
15,63,65,CPU1
14,63,65,CPU2
13,63,65,CPU3
12,63,65,CPU4
11,63,65,CPU5
10,63,65,CPU6
16,65,67,CPU7
15,65,67,CPU8
14,65,67,CPU9
13,65,67,CPU1
12,65,67,CPU2
11,65,67,CPU3
10,65,67,CPU4
16,67,69,CPU5
15,67,69,CPU6
14,67,69,CPU7
13,67,69,CPU8
12,67,69,CPU9
11,67,69,CPU1
10,67,69,CPU2
16,69,71,CPU3
15,69,71,CPU4
14,69,71,CPU5
13,69,71,CPU6
12,69,71,CPU7
11,69,71,CPU8
10,69,70,CPU9
16,71,73,CPU1
15,71,73,CPU2
14,71,73,CPU9
13,71,73,CPU3
12,71,73,CPU4
11,71,73,CPU5
16,73,75,CPU6
15,73,75,CPU7
14,73,75,CPU8
13,73,75,CPU1
12,73,75,CPU2
16,75,77,CPU9
15,75,77,CPU3
14,75,77,CPU4
13,75,77,CPU5
12,75,76,CPU6
16,77,79,CPU7
15,77,79,CPU8
14,77,79,CPU1
13,77,79,CPU2
16,79,81,CPU6
15,79,81,CPU9
14,79,81,CPU3
16,81,83,CPU4
15,81,83,CPU5
14,81,82,CPU7
16,83,85,CPU8
15,83,85,CPU1
16,85,87,CPU2
16,87,88,CPU6
